"","X","Site","Plot","AspectYr2","Yr2NVC","pHYr2","SOMYr2","MSG","LiveBasalAreaYr2","mean_dbh","tree.density","plot_richness","ShortNVC"
"1",1605,46,5,315,"W10",6.137,10.18389,3,2.014546289,16.76,0.485,17,"W10"
"2",1607,46,7,0,"W16b",4.848,13.14882,3,1.517781951,11.99,0.74,12,"W16"
"3",1613,46,13,315,"W10a",5.301,12.29058,8,1.506000978,13.15,0.245,10,"W10"
