"","X","Site","Plot","AspectYr2","Yr2NVC","pHYr2","SOMYr2","MSG","LiveBasalAreaYr2","mean_dbh","tree.density","plot_richness","ShortNVC"
"1",113,56,1,NA,"W10c",4.928,9.256636,5,2.102903582,10.29,0.53,9,"W10"
"2",114,56,2,NA,"W10c",4.819,12.50841,5,2.352267499,11.77,0.955,21,"W10"
"3",115,56,3,NA,"W16b",4.69,18.26829,5,1.663080611,10.85,0.66,21,"W16"
"4",121,56,9,NA,"W16b",4.389,15.88832,3,1.070104998,21.11,0.335,10,"W16"
"5",122,56,10,NA,"W10c",4.349,16.53166,5,0.979784209,13.33,0.325,21,"W10"
"6",124,56,12,NA,"W10c",4.277,13.04162,5,0.860010989,9.24,0.445,24,"W10"
"7",125,56,13,NA,"W10c",4.815,10.83969,3,2.452405765,17.78,0.275,26,"W10"
"8",126,56,14,NA,"W10c",4.344,7.683284,3,1.070104998,16.88,0.23,33,"W10"
"9",127,56,15,NA,"W10a",4.119,16.61802,5,2.827433388,17.7,0.38,25,"W10"
